종목코드,종목명,시장구분,현재가,등락률,거래량,시가총액
000020,동화약품,KOSPI,6600.0,1.85,90717.0,184347702000.0
000040,KR모터스,KOSPI,437.0,2.1,172058.0,26278063316.0
000050,경방,KOSPI,7310.0,-1.88,255981.0,200405623700.0
000070,삼양홀딩스,KOSPI,73500.0,-2.26,76347.0,638697507000.0
000075,삼양홀딩스우,KOSPI,71600.0,-2.05,1689.0,12785397200.0
000080,하이트진로,KOSPI,20200.0,-0.98,167494.0,1416698942200.0
000087,하이트진로2우B,KOSPI,15570.0,0.39,1853.0,17596248660.0
000100,유한양행,KOSPI,104300.0,-1.04,622208.0,8365805375200.0
000105,유한양행우,KOSPI,98900.0,0.82,3269.0,116794966000.0
000120,CJ대한통운,KOSPI,80400.0,-0.99,55967.0,1834112457600.0
000140,하이트진로홀딩스,KOSPI,9310.0,-0.64,68165.0,216054982150.0
000145,하이트진로홀딩스우,KOSPI,10940.0,0.64,883.0,5150661400.0
000150,두산,KOSPI,488000.0,-4.31,211826.0,8063631480000.0
000155,두산우,KOSPI,327500.0,-5.35,84513.0,1308841305000.0
000157,두산2우B,KOSPI,355000.0,-5.08,4693.0,317028490000.0
000180,성창기업지주,KOSPI,1455.0,1.04,144162.0,101488578000.0
000210,DL,KOSPI,44250.0,-4.01,132596.0,927297867000.0
000215,DL우,KOSPI,22400.0,-1.1,11336.0,37768976000.0
000220,유유제약,KOSPI,4615.0,-0.32,48343.0,78604299865.0
000225,유유제약1우,KOSPI,5230.0,0.58,10957.0,11856043900.0
000227,유유제약2우B,KOSPI,10350.0,1.87,1373.0,3369546000.0
000230,일동홀딩스,KOSPI,6760.0,-0.88,103898.0,78013104000.0
000240,한국앤컴퍼니,KOSPI,20300.0,2.06,1302629.0,1927185372000.0
000270,기아,KOSPI,89400.0,-4.08,1535385.0,35551933300800.0
000300,DH오토넥스,KOSPI,1984.0,0.0,0.0,162944308992.0
000320,노루홀딩스,KOSPI,18160.0,-1.25,157171.0,241367302160.0
000325,노루홀딩스우,KOSPI,30850.0,-2.06,1662.0,7513795150.0
000370,한화손해보험,KOSPI,4580.0,-2.45,471458.0,534664230700.0
000390,삼화페인트,KOSPI,6030.0,-0.66,11077.0,164036918070.0
000400,롯데손해보험,KOSPI,1638.0,0.99,183006.0,508330892160.0
000430,대원강업,KOSPI,3705.0,-0.54,11838.0,229710000000.0
000480,CR홀딩스,KOSPI,5330.0,-0.56,15543.0,249926311700.0
000490,대동,KOSPI,10820.0,-0.28,86820.0,277577794800.0
000500,가온전선,KOSPI,70400.0,-2.49,72661.0,1164635296000.0
000520,삼일제약,KOSPI,11100.0,0.09,83547.0,240779102100.0
000540,흥국화재,KOSPI,4200.0,0.0,211186.0,269819109000.0
000545,흥국화재우,KOSPI,8040.0,0.5,37310.0,6174720000.0
000590,CS홀딩스,KOSPI,82900.0,6.97,8763.0,95706557800.0
000640,동아쏘시오홀딩스,KOSPI,111900.0,0.9,20628.0,731426964600.0
000650,천일고속,KOSPI,40600.0,0.87,190.0,58026332000.0
000660,SK하이닉스,KOSPI,204500.0,-3.54,4826628.0,148876483642500.0
000670,영풍,KOSPI,39950.0,3.9,124597.0,763382577500.0
000680,LS네트웍스,KOSPI,3620.0,1.83,373068.0,285266917920.0
000700,유수홀딩스,KOSPI,6050.0,-0.82,30131.0,157552962600.0
000720,현대건설,KOSPI,63800.0,-4.63,3060752.0,7104497807000.0
000725,현대건설우,KOSPI,61300.0,-3.16,22042.0,64652680900.0
000760,이화산업,KOSPI,12070.0,3.34,1663.0,33796000000.0
000810,삼성화재,KOSPI,404500.0,1.25,247976.0,18611512197500.0
000815,삼성화재우,KOSPI,295000.0,0.51,11946.0,914355450000.0
000850,화천기공,KOSPI,31500.0,0.16,5799.0,69300000000.0
000860,강남제비스코,KOSPI,12480.0,0.16,36456.0,162240000000.0
000880,한화,KOSPI,75500.0,1.48,1288451.0,5659384492500.0
000885,한화우,KOSPI,45700.0,-3.48,1203.0,9095808100.0
00088K,한화3우B,KOSPI,29950.0,-1.64,477481.0,581163007950.0
000890,보해양조,KOSPI,546.0,-1.44,1705987.0,75959590434.0
000910,유니온,KOSPI,4600.0,-0.86,91257.0,71813447400.0
000950,전방,KOSPI,26800.0,2.1,5420.0,45024000000.0
000970,한국주철관,KOSPI,7070.0,0.43,37882.0,161199535000.0
000990,DB하이텍,KOSPI,39000.0,-1.27,71215.0,1731544932000.0
001020,페이퍼코리아,KOSPI,725.0,0.14,17313.0,129037901925.0
001040,CJ,KOSPI,136300.0,-2.36,340914.0,3976824827400.0
001045,CJ우,KOSPI,78000.0,0.26,16222.0,176297394000.0
00104K,CJ4우(전환),KOSPI,111500.0,-2.87,17797.0,471256088000.0
001060,JW중외제약,KOSPI,23200.0,1.75,98047.0,540233576000.0
001065,JW중외제약우,KOSPI,28950.0,0.0,370.0,9899481450.0
001067,JW중외제약2우B,KOSPI,63000.0,2.61,592.0,13228299000.0
001070,대한방직,KOSPI,6370.0,1.92,27273.0,33761000000.0
001080,만호제강,KOSPI,27600.0,1.1,790.0,114540000000.0
001120,LX인터내셔널,KOSPI,28300.0,-0.88,140088.0,1096908000000.0
001130,대한제분,KOSPI,142000.0,1.21,5286.0,239980000000.0
001140,국보,KOSPI,2110.0,0.0,0.0,33456978680.0
001200,유진투자증권,KOSPI,3365.0,-2.32,3484649.0,325955496570.0
001210,금호전기,KOSPI,1106.0,-1.34,98726.0,68078720682.0
001230,동국홀딩스,KOSPI,8000.0,0.5,126255.0,254403864000.0
001250,GS글로벌,KOSPI,2625.0,0.57,430379.0,216651130500.0
001260,남광토건,KOSPI,8900.0,1.83,22222.0,87509890800.0
001270,부국증권,KOSPI,36950.0,-0.94,19477.0,383167287700.0
001275,부국증권우,KOSPI,23800.0,0.0,5073.0,71400000000.0
001290,상상인증권,KOSPI,704.0,2.77,44962668.0,76269332480.0
001340,PKC,KOSPI,5660.0,-0.53,68854.0,254238183620.0
001360,삼성제약,KOSPI,1617.0,0.5,266009.0,152260081743.0
001380,SG글로벌,KOSPI,1780.0,-1.06,157566.0,80036174540.0
001390,KG케미칼,KOSPI,4415.0,0.91,886816.0,302290811600.0
001420,태원물산,KOSPI,4000.0,0.0,5017.0,30400000000.0
001430,세아베스틸지주,KOSPI,23400.0,5.17,449955.0,839173584600.0
001440,대한전선,KOSPI,12780.0,-0.47,802466.0,2382796494000.0
001450,현대해상,KOSPI,24350.0,-3.18,677274.0,2176890000000.0
001460,BYC,KOSPI,35800.0,3.92,3108.0,223612170000.0
001465,BYC우,KOSPI,15510.0,0.45,3448.0,33406213500.0
001470,삼부토건,KOSPI,347.0,0.0,0.0,79699592928.0
001500,현대차증권,KOSPI,7150.0,-0.83,520705.0,442106264600.0
001510,SK증권,KOSPI,583.0,0.17,7572076.0,275520069693.0
001515,SK증권우,KOSPI,1878.0,1.57,45982.0,7347701292.0
001520,동양,KOSPI,600.0,3.27,1218734.0,143210437800.0
001525,동양우,KOSPI,4070.0,-2.28,6704.0,2514165170.0
001527,동양2우B,KOSPI,8410.0,1.82,767.0,2595065290.0
001530,DI동일,KOSPI,33300.0,0.45,45132.0,677126728800.0
001550,조비,KOSPI,12600.0,1.94,70597.0,65422211400.0
001560,제일연마,KOSPI,9800.0,-0.71,26429.0,97020000000.0
001570,금양,KOSPI,9900.0,0.0,0.0,633275240400.0
001620,케이비아이동국실업,KOSPI,479.0,-1.84,129484.0,53309361849.0
001630,종근당홀딩스,KOSPI,53000.0,0.0,5772.0,265522633000.0
001680,대상,KOSPI,21700.0,0.0,116199.0,751862142500.0
001685,대상우,KOSPI,16700.0,-0.77,8444.0,22882724100.0
001720,신영증권,KOSPI,111800.0,0.45,37421.0,1837992000000.0
001740,SK네트웍스,KOSPI,4135.0,-0.84,352459.0,914984124770.0
001750,한양증권,KOSPI,16160.0,0.12,63192.0,205693109440.0
001755,한양증권우,KOSPI,16040.0,0.31,5356.0,8421000000.0
001770,SHD,KOSPI,16840.0,0.96,3335.0,20458545520.0
001780,알루코,KOSPI,2255.0,-1.96,318897.0,218351947660.0
001790,대한제당,KOSPI,2875.0,0.88,995539.0,257877667500.0
001795,대한제당우,KOSPI,2365.0,0.64,192206.0,15331727400.0
001800,오리온홀딩스,KOSPI,18900.0,-1.46,206808.0,1183998475800.0
001820,삼화콘덴서,KOSPI,24650.0,-0.6,29450.0,256236750000.0
001940,KISCO홀딩스,KOSPI,24100.0,0.42,16496.0,341650758000.0
002020,코오롱,KOSPI,34900.0,1.31,667550.0,440662267400.0
002025,코오롱우,KOSPI,17570.0,0.11,41263.0,18912172300.0
002030,아세아,KOSPI,286500.0,-2.88,2047.0,597106110000.0
002070,비비안,KOSPI,995.0,-2.07,713963.0,30968158115.0
002100,경농,KOSPI,9390.0,-0.21,22580.0,183316979250.0
002140,고려산업,KOSPI,2750.0,-0.72,51944.0,68583418750.0
002150,도화엔지니어링,KOSPI,6600.0,-0.6,27615.0,222552000000.0
002170,삼양통상,KOSPI,52600.0,4.78,8472.0,157800000000.0
002200,한국수출포장,KOSPI,2945.0,0.86,167623.0,117800000000.0
002210,동성제약,KOSPI,2780.0,0.0,0.0,74002229460.0
002220,한일철강,KOSPI,2005.0,-0.25,4579.0,53528407300.0
002240,고려제강,KOSPI,17510.0,-0.17,15581.0,472770000000.0
002310,아세아제지,KOSPI,7220.0,0.14,106330.0,300586722200.0
002320,한진,KOSPI,20400.0,-1.21,25663.0,304931611200.0
002350,넥센타이어,KOSPI,6710.0,4.19,611705.0,655351454670.0
002355,넥센타이어1우B,KOSPI,3150.0,1.78,56774.0,20475000000.0
002360,SH에너지화학,KOSPI,444.0,0.45,213500.0,49343376120.0
002380,KCC,KOSPI,307500.0,-1.44,50314.0,2732589832500.0
002390,한독,KOSPI,11550.0,0.35,11070.0,158968806150.0
002410,범양건영,KOSPI,1935.0,0.0,0.0,53173451700.0
002420,세기상사,KOSPI,5020.0,-0.79,1889.0,29969138960.0
002450,삼익악기,KOSPI,1259.0,-0.08,234329.0,113978421985.0
002460,HS화성,KOSPI,10340.0,1.08,8574.0,104951000000.0
002600,조흥,KOSPI,155700.0,0.32,38.0,93420000000.0
002620,제일파마홀딩스,KOSPI,8250.0,-0.24,23546.0,131780178750.0
002630,오리엔트바이오,KOSPI,1179.0,-8.46,6071734.0,139809362895.0
002690,동일제강,KOSPI,1548.0,0.06,20913.0,31424957280.0
002700,신일전자,KOSPI,1507.0,-0.79,253512.0,107068614147.0
002710,TCC스틸,KOSPI,17340.0,-1.08,536656.0,454545505980.0
002720,국제약품,KOSPI,4900.0,-0.2,223410.0,103683176800.0
002760,보락,KOSPI,1075.0,0.19,130824.0,64392500000.0
002780,진흥기업,KOSPI,760.0,-1.17,286871.0,110558526200.0
002785,진흥기업우B,KOSPI,3530.0,1.29,1206.0,3025979540.0
002787,진흥기업2우B,KOSPI,7820.0,3.17,6266.0,2305398560.0
002790,아모레퍼시픽홀딩스,KOSPI,26200.0,1.16,453083.0,2081804316000.0
002795,아모레퍼시픽홀딩스우,KOSPI,11130.0,-0.18,20742.0,71719160100.0
00279K,아모레퍼시픽홀딩스3우C,KOSPI,20200.0,0.75,19109.0,143262440000.0
002810,삼영무역,KOSPI,14990.0,-0.4,12273.0,276819550520.0
002820,SUN&L,KOSPI,2910.0,0.0,7325.0,36689247990.0
002840,미원상사,KOSPI,182400.0,-0.16,2102.0,866400000000.0
002870,신풍,KOSPI,1063.0,4.63,263657.0,37161098100.0
002880,대유에이텍,KOSPI,997.0,1.63,29004.0,46603787940.0
002900,TYM,KOSPI,5110.0,-4.31,306386.0,230210385160.0
002920,유성기업,KOSPI,1969.0,0.41,43269.0,51090627500.0
002960,한국쉘석유,KOSPI,402500.0,0.25,1615.0,523250000000.0
002990,금호건설,KOSPI,3090.0,0.16,311745.0,114319988400.0
002995,금호건설우,KOSPI,11700.0,-0.85,1660.0,3419512200.0
003000,부광약품,KOSPI,4005.0,1.78,167697.0,274160957355.0
003010,혜인,KOSPI,5050.0,-0.39,28727.0,64199372350.0
003030,세아제강지주,KOSPI,242000.0,1.47,12425.0,1002280994000.0
003060,에이프로젠바이오로직스,KOSPI,658.0,1.86,272216.0,130552362010.0
003070,코오롱글로벌,KOSPI,9050.0,0.11,23948.0,171341052650.0
003075,코오롱글로벌우,KOSPI,15360.0,0.39,399.0,11377720320.0
003080,SB성보,KOSPI,2625.0,0.57,22140.0,52552500000.0
003090,대웅,KOSPI,25350.0,1.2,893042.0,1473899193000.0
003120,일성아이에스,KOSPI,19880.0,2.0,45573.0,264404000000.0
003160,디아이,KOSPI,15130.0,-5.67,325885.0,428179000000.0
003200,일신방직,KOSPI,10420.0,4.51,92804.0,239243200000.0
003220,대원제약,KOSPI,13920.0,1.09,42276.0,312191955360.0
003230,삼양식품,KOSPI,1111000.0,0.91,437404.0,8369179665000.0
003240,태광산업,KOSPI,973000.0,5.99,7361.0,1083338200000.0
003280,흥아해운,KOSPI,1580.0,0.06,664230.0,379871340420.0
003300,한일홀딩스,KOSPI,16810.0,-0.59,27529.0,518300780040.0
003350,한국화장품제조,KOSPI,49550.0,-1.29,34278.0,224560600000.0
003460,유화증권,KOSPI,2630.0,0.96,79206.0,149127351450.0
003465,유화증권우,KOSPI,2490.0,-0.2,1597.0,43516298250.0
003470,유안타증권,KOSPI,3410.0,-0.15,851011.0,680624324160.0
003475,유안타증권우,KOSPI,3340.0,-1.18,34057.0,43126788080.0
003480,한진중공업홀딩스,KOSPI,5560.0,2.21,104408.0,164185754720.0
003490,대한항공,KOSPI,22500.0,-1.75,1815349.0,8284964872500.0
003495,대한항공우,KOSPI,22800.0,-1.3,8012.0,25326103200.0
003520,영진약품,KOSPI,2205.0,-0.9,427243.0,403278471855.0
003530,한화투자증권,KOSPI,4460.0,-1.33,2992411.0,956883076500.0
003535,한화투자증권우,KOSPI,6690.0,0.9,20481.0,32112000000.0
003540,대신증권,KOSPI,22950.0,1.77,287353.0,1165249530000.0
003545,대신증권우,KOSPI,19020.0,0.0,148502.0,494520000000.0
003547,대신증권2우B,KOSPI,17750.0,-0.28,71407.0,177500000000.0
003550,LG,KOSPI,71000.0,-4.57,704286.0,11164832715000.0
003555,LG우,KOSPI,59400.0,-0.67,7602.0,178865220600.0
003560,IHQ,KOSPI,10760.0,0.0,0.0,76220934800.0
003570,SNT다이내믹스,KOSPI,42000.0,-0.36,59892.0,1396613274000.0
003580,HLB글로벌,KOSPI,3020.0,0.0,31489.0,151956065560.0
003610,방림,KOSPI,4130.0,-0.72,13587.0,166034912540.0
003620,KG모빌리티,KOSPI,3425.0,-2.14,1089440.0,693134073600.0
003650,미창석유,KOSPI,104500.0,1.75,1306.0,181795724000.0
003670,포스코퓨처엠,KOSPI,116600.0,2.82,647175.0,9032211452000.0
003680,한성기업,KOSPI,5160.0,0.0,11975.0,32041097400.0
003690,코리안리,KOSPI,9240.0,-1.7,556583.0,1800146326440.0
003720,삼영,KOSPI,4035.0,-0.62,62571.0,137190000000.0
003780,진양산업,KOSPI,5730.0,-2.55,212253.0,74490000000.0
003830,대한화섬,KOSPI,129800.0,3.34,1088.0,172374400000.0
003850,보령,KOSPI,8740.0,0.11,115825.0,749780189180.0
003920,남양유업,KOSPI,75400.0,-0.66,7878.0,462303488400.0
003925,남양유업우,KOSPI,46000.0,0.66,10622.0,92000000000.0
003960,사조대림,KOSPI,41500.0,-1.31,29446.0,380325380500.0
004000,롯데정밀화학,KOSPI,37900.0,0.8,50949.0,977820000000.0
004020,현대제철,KOSPI,28200.0,-0.7,573105.0,3763171137000.0
004060,SG세계물산,KOSPI,334.0,0.0,184629.0,67609936640.0
004080,신흥,KOSPI,14590.0,-0.07,437.0,138605000000.0
004090,한국석유,KOSPI,12050.0,-0.82,38072.0,152964146000.0
004100,태양금속,KOSPI,2845.0,1.25,1106396.0,104411500000.0
004105,태양금속우,KOSPI,3975.0,0.38,88715.0,13117500000.0
004140,동방,KOSPI,2355.0,-1.46,214225.0,112973508930.0
004150,한솔홀딩스,KOSPI,2780.0,-0.18,265204.0,114054003600.0
004170,신세계,KOSPI,177900.0,0.28,54075.0,1715877699900.0
004250,NPC,KOSPI,4460.0,0.0,57196.0,163771200000.0
004255,NPC우,KOSPI,2415.0,0.84,30396.0,12751200000.0
004270,남성,KOSPI,1060.0,0.38,44862.0,38384889600.0
004310,현대약품,KOSPI,3485.0,0.14,134330.0,111520000000.0
004360,세방,KOSPI,13810.0,-0.65,55318.0,266653008900.0
004365,세방우,KOSPI,9130.0,-1.3,9728.0,33682852500.0
004370,농심,KOSPI,424000.0,0.95,28970.0,2579040208000.0
004380,삼익THK,KOSPI,9960.0,0.0,0.0,209160000000.0
004410,서울식품,KOSPI,157.0,0.0,535565.0,58836622763.0
004415,서울식품우,KOSPI,1258.0,-0.4,6629.0,2798421000.0
004430,송원산업,KOSPI,11770.0,-1.51,25691.0,282480000000.0
004440,삼일씨엔에스,KOSPI,4400.0,0.23,27659.0,56020566800.0
004450,삼화왕관,KOSPI,36400.0,-1.75,45706.0,78419395600.0
004490,세방전지,KOSPI,66900.0,-3.88,59972.0,936600000000.0
004540,깨끗한나라,KOSPI,2180.0,-0.46,73738.0,81184710740.0
004545,깨끗한나라우,KOSPI,11970.0,-0.17,864.0,4382935200.0
004560,현대비앤지스틸,KOSPI,12100.0,-0.17,24872.0,182453613100.0
004690,삼천리,KOSPI,134000.0,3.55,47822.0,543373350000.0
004700,조광피혁,KOSPI,59000.0,1.2,2155.0,392299142000.0
004710,한솔테크닉스,KOSPI,5010.0,-0.4,105513.0,160870488780.0
004720,팜젠사이언스,KOSPI,4275.0,0.0,141367.0,77810574600.0
004770,써니전자,KOSPI,1673.0,-0.95,264039.0,61403924932.0
004800,효성,KOSPI,62400.0,-6.59,226879.0,1044601396800.0
004830,덕성,KOSPI,5760.0,-0.86,87055.0,90316800000.0
004835,덕성우,KOSPI,7850.0,2.21,6926.0,10927200000.0
004840,DRB동일,KOSPI,4430.0,-1.34,15649.0,88289900000.0
004870,티웨이홀딩스,KOSPI,609.0,-0.98,308170.0,68916567846.0
004890,동일산업,KOSPI,43800.0,-0.23,870.0,106224417000.0
004910,조광페인트,KOSPI,5500.0,-0.18,15890.0,70400000000.0
004920,씨아이테크,KOSPI,1115.0,-1.33,96531.0,55823359195.0
004960,한신공영,KOSPI,8300.0,-0.6,38467.0,96036826600.0
004970,신라교역,KOSPI,9480.0,-0.84,11569.0,151680000000.0
004980,성신양회,KOSPI,8710.0,-1.14,111886.0,213534995830.0
004985,성신양회우,KOSPI,11630.0,-2.27,35220.0,8555551350.0
004990,롯데지주,KOSPI,29800.0,-2.13,994149.0,3126295262600.0
00499K,롯데지주우,KOSPI,40100.0,7.8,148027.0,32304680300.0
005010,휴스틸,KOSPI,4965.0,0.3,561529.0,278973792375.0
005030,부산주공,KOSPI,486.0,0.0,0.0,38288532168.0
005070,코스모신소재,KOSPI,32750.0,1.39,182117.0,1064727259000.0
005090,SGC에너지,KOSPI,24250.0,0.21,16070.0,349426325250.0
005110,한창,KOSPI,1254.0,0.0,0.0,23332434378.0
005180,빙그레,KOSPI,90500.0,1.69,46726.0,864791121500.0
005250,녹십자홀딩스,KOSPI,14700.0,0.14,101049.0,691314687000.0
005257,녹십자홀딩스2우,KOSPI,22750.0,6.81,14618.0,19246272500.0
005300,롯데칠성,KOSPI,106800.0,0.28,27345.0,990984811200.0
005305,롯데칠성우,KOSPI,66500.0,0.0,3836.0,51558115000.0
005320,온타이드,KOSPI,527.0,4.15,513849.0,35584210467.0
005360,모나미,KOSPI,2045.0,-0.73,15062.0,38644992815.0
005380,현대차,KOSPI,185300.0,-2.98,781444.0,37941614039800.0
005385,현대차우,KOSPI,147900.0,-1.27,105653.0,3452127984000.0
005387,현대차2우B,KOSPI,147700.0,-2.31,181700.0,5164172461000.0
005389,현대차3우B,KOSPI,147500.0,-1.54,10675.0,343299170000.0
005390,신성통상,KOSPI,2975.0,8.18,1303907.0,427532460250.0
005420,코스모화학,KOSPI,13770.0,-0.79,653490.0,528881299560.0
005430,한국공항,KOSPI,53300.0,-0.93,13665.0,168766721500.0
005440,현대지에프홀딩스,KOSPI,7460.0,1.08,347324.0,1163046085460.0
005490,POSCO홀딩스,KOSPI,250000.0,-1.77,441162.0,20233238000000.0
005500,삼진제약,KOSPI,18050.0,0.45,27715.0,250895000000.0
005610,SPC삼립,KOSPI,52800.0,-0.38,15934.0,455611675200.0
005680,삼영전자,KOSPI,10900.0,-1.36,14742.0,218000000000.0
005690,파미셀,KOSPI,11740.0,-3.37,600038.0,704599157360.0
005720,넥센,KOSPI,5820.0,2.28,124471.0,311625946140.0
005725,넥센우,KOSPI,4000.0,1.01,5940.0,14402400000.0
005740,크라운해태홀딩스,KOSPI,7180.0,-3.62,640829.0,106603951460.0
005745,크라운해태홀딩스우,KOSPI,8610.0,-1.94,9640.0,5172250860.0
005750,대림바스,KOSPI,4250.0,-0.82,8579.0,70857020000.0
005800,신영와코루,KOSPI,12170.0,0.16,7184.0,109530000000.0
005810,풍산홀딩스,KOSPI,32000.0,-1.54,64744.0,461353344000.0
005820,원림,KOSPI,14780.0,0.61,2327.0,33963996600.0
005830,DB손해보험,KOSPI,100500.0,-1.08,377897.0,7115400000000.0
005850,에스엘,KOSPI,31700.0,-0.47,112246.0,1472418084000.0
005870,휴니드,KOSPI,8500.0,-1.28,206531.0,119986127500.0
005880,대한해운,KOSPI,1555.0,-1.27,1803925.0,499481472250.0
005930,삼성전자,KOSPI,56200.0,0.18,26219683.0,332683651216400.0
005935,삼성전자우,KOSPI,46100.0,-0.11,3537981.0,37616432010400.0
005940,NH투자증권,KOSPI,17240.0,-1.2,1411660.0,5645967234760.0
005945,NH투자증권우,KOSPI,15340.0,0.0,81574.0,289480649120.0
005950,이수화학,KOSPI,5430.0,0.93,12594.0,123384472770.0
005960,동부건설,KOSPI,5050.0,0.0,40842.0,115880648150.0
005965,동부건설우,KOSPI,20050.0,-0.99,118.0,4525926600.0
006040,동원산업,KOSPI,46500.0,-1.27,27362.0,1842519906000.0
006060,화승인더,KOSPI,4815.0,0.0,178433.0,266365800000.0
006090,사조오양,KOSPI,8830.0,-0.9,8462.0,83202785370.0
006110,삼아알미늄,KOSPI,19600.0,-0.05,42000.0,288353553600.0
006120,SK디스커버리,KOSPI,46850.0,-3.4,36498.0,859597006750.0
006125,SK디스커버리우,KOSPI,37650.0,-3.83,13669.0,49413930750.0
006200,한국전자홀딩스,KOSPI,706.0,0.14,62514.0,33043014016.0
006220,제주은행,KOSPI,9550.0,0.0,216005.0,360976219350.0
006260,LS,KOSPI,159300.0,-1.18,238607.0,5129460000000.0
006280,녹십자,KOSPI,127200.0,1.52,37540.0,1486527633600.0
006340,대원전선,KOSPI,2895.0,-0.69,976473.0,217064711625.0
006345,대원전선우,KOSPI,3900.0,-1.39,13112.0,10222680000.0
006360,GS건설,KOSPI,22650.0,-2.58,1188038.0,1938420748500.0
006370,대구백화점,KOSPI,7540.0,4.29,119994.0,81594946940.0
006380,카프로,KOSPI,3660.0,0.0,0.0,618539985360.0
006390,한일현대시멘트,KOSPI,15920.0,-1.12,37738.0,307696538240.0
006400,삼성SDI,KOSPI,168900.0,-3.15,1009215.0,11614329117000.0
006405,삼성SDI우,KOSPI,103100.0,-0.39,4476.0,166805077600.0
006490,인스코비,KOSPI,1485.0,3.92,920660.0,180318385170.0
006570,대림통상,KOSPI,2615.0,2.55,12832.0,39813375000.0
006650,대한유화,KOSPI,82600.0,-0.24,13463.0,536900000000.0
006660,삼성공조,KOSPI,14390.0,-1.98,84772.0,116937658460.0
006740,영풍제지,KOSPI,1027.0,1.58,156305.0,57416712886.0
006800,미래에셋증권,KOSPI,15550.0,-6.1,6081417.0,8868420144400.0
006805,미래에셋증권우,KOSPI,6330.0,-3.36,163767.0,89099497500.0
00680K,미래에셋증권2우B,KOSPI,5760.0,-4.0,2325357.0,792000000000.0
006840,AK홀딩스,KOSPI,11930.0,0.51,26772.0,158043402730.0
006880,신송홀딩스,KOSPI,7820.0,1.56,172131.0,92501669560.0
006890,태경케미컬,KOSPI,11640.0,-0.43,15779.0,135024000000.0
006980,우성,KOSPI,17420.0,2.47,1755.0,53827800000.0
007070,GS리테일,KOSPI,15340.0,0.72,275605.0,1282537746100.0
007110,일신석재,KOSPI,2085.0,-0.71,5707858.0,161497031850.0
007120,미래아이앤지,KOSPI,1024.0,-2.94,54168.0,29571694592.0
007160,사조산업,KOSPI,50300.0,1.62,40899.0,251500000000.0
007210,벽산,KOSPI,2200.0,-0.9,87346.0,147092000000.0
007280,한국특강,KOSPI,1611.0,0.44,3994.0,97970244021.0
007310,오뚜기,KOSPI,398000.0,0.76,3580.0,1595116340000.0
007340,DN오토모티브,KOSPI,21950.0,-1.57,61653.0,1284313486750.0
007460,에이프로젠,KOSPI,677.0,0.3,1509566.0,211106659652.0
007540,샘표,KOSPI,45150.0,-0.77,9579.0,129842370000.0
007570,일양약품,KOSPI,13170.0,1.93,70646.0,251358194880.0
007575,일양약품우,KOSPI,13050.0,0.54,2672.0,5808294000.0
007590,동방아그로,KOSPI,6180.0,0.49,2677.0,84156625860.0
007610,선도전기,KOSPI,3000.0,0.0,0.0,54000000000.0
007660,이수페타시스,KOSPI,38400.0,-6.68,1522820.0,2818914009600.0
007690,국도화학,KOSPI,33300.0,-0.15,11370.0,308385705600.0
007700,F&F홀딩스,KOSPI,15660.0,2.35,65524.0,612530987220.0
007810,코리아써키트,KOSPI,9990.0,-2.25,34343.0,235971302490.0
007815,코리아써우,KOSPI,5420.0,-2.34,1158.0,16068619800.0
00781K,코리아써키트2우B,KOSPI,5470.0,2.63,88.0,4286833530.0
007860,서연,KOSPI,9460.0,-6.06,1000404.0,222119324240.0
007980,TP,KOSPI,1394.0,1.16,228704.0,71338131220.0
008040,사조동아원,KOSPI,1159.0,-1.53,955761.0,163586591400.0
008060,대덕,KOSPI,7810.0,-0.89,87171.0,264682071500.0
00806K,대덕1우,KOSPI,8100.0,0.37,1749.0,9820091700.0
008110,대동전자,KOSPI,15040.0,0.0,0.0,157776322880.0
008250,이건산업,KOSPI,5470.0,-1.26,20651.0,59910913450.0
008260,NI스틸,KOSPI,3570.0,0.14,78750.0,102102417690.0
008350,남선알미늄,KOSPI,1230.0,-0.32,439606.0,158767280700.0
008355,남선알미우,KOSPI,12800.0,-0.16,342.0,3940992000.0
008420,문배철강,KOSPI,2295.0,-0.86,32456.0,47055543975.0
008490,서흥,KOSPI,18470.0,-2.79,41630.0,213681517110.0
008500,일정실업,KOSPI,12000.0,6.29,53228.0,14400000000.0
008600,윌비스,KOSPI,450.0,-5.46,1439996.0,30256217550.0
008700,아남전자,KOSPI,1443.0,-1.37,253811.0,111291115260.0
008730,율촌화학,KOSPI,28850.0,-0.86,42510.0,715480000000.0
008770,호텔신라,KOSPI,49600.0,3.33,334711.0,1946706801600.0
008775,호텔신라우,KOSPI,46800.0,3.31,40280.0,35187937200.0
008870,금비,KOSPI,58000.0,1.22,1270.0,58000000000.0
008930,한미사이언스,KOSPI,35400.0,0.28,347827.0,2421060870000.0
008970,동양철관,KOSPI,1468.0,0.82,12974741.0,233886191892.0
009070,KCTC,KOSPI,3975.0,-0.38,41560.0,119250000000.0
009140,경인전자,KOSPI,19780.0,1.12,2479.0,31070364660.0
009150,삼성전기,KOSPI,122200.0,-1.45,495787.0,9127569651200.0
009155,삼성전기우,KOSPI,55800.0,-0.36,15385.0,162209707200.0
009160,SIMPAC,KOSPI,4900.0,-0.91,181047.0,320604628400.0
009180,한솔로지스틱스,KOSPI,2250.0,-0.44,121896.0,63350606250.0
009190,대양금속,KOSPI,1771.0,1.2,95806.0,75019535206.0
009200,무림페이퍼,KOSPI,2175.0,0.93,331055.0,90500249250.0
009240,한샘,KOSPI,42050.0,-0.94,19740.0,989601672400.0
009270,신원,KOSPI,1920.0,9.09,33275181.0,192100523520.0
009290,광동제약,KOSPI,5540.0,-0.18,21572.0,290411514540.0
009310,참엔지니어링,KOSPI,1283.0,0.08,8356.0,21776978689.0
009320,아진전자부품,KOSPI,1002.0,0.1,87335.0,49398369540.0
009410,태영건설,KOSPI,2800.0,-2.27,228785.0,824510047200.0
009415,태영건설우,KOSPI,5630.0,-1.23,2760.0,3659353620.0
009420,한올바이오파마,KOSPI,25900.0,0.78,199310.0,1353032524200.0
009440,KC그린홀딩스,KOSPI,756.0,0.0,0.0,17568790596.0
009450,경동나비엔,KOSPI,75100.0,-1.7,34938.0,1094101259200.0
009460,한창제지,KOSPI,739.0,-0.67,61403.0,44094272154.0
009470,삼화전기,KOSPI,26750.0,-2.19,25494.0,176919685000.0
009540,HD한국조선해양,KOSPI,316500.0,1.93,417554.0,22399691214000.0
009580,무림P&P,KOSPI,2870.0,0.35,104645.0,178997089880.0
009680,모토닉,KOSPI,10460.0,0.58,38024.0,293403000000.0
009770,삼정펄프,KOSPI,28700.0,-0.17,984.0,71749167700.0
009810,플레이그램,KOSPI,364.0,-7.14,14601016.0,55287050000.0
009830,한화솔루션,KOSPI,29800.0,1.71,3306038.0,5122397572800.0
009835,한화솔루션우,KOSPI,24950.0,0.0,47148.0,64254957550.0
009900,명신산업,KOSPI,8360.0,-1.99,60328.0,438650311880.0
009970,영원무역홀딩스,KOSPI,120800.0,-1.55,20374.0,1647179513600.0
010040,한국내화,KOSPI,2385.0,0.21,22931.0,97944942870.0
010060,OCI홀딩스,KOSPI,70900.0,1.0,66329.0,1333977615300.0
010100,한국무브넥스,KOSPI,4305.0,-3.26,571735.0,131089058100.0
010120,LS ELECTRIC,KOSPI,252500.0,-0.98,221129.0,7575000000000.0
010130,고려아연,KOSPI,731000.0,-2.53,28870.0,15134099873000.0
010140,삼성중공업,KOSPI,16900.0,4.71,22615588.0,14872000000000.0
010400,우진아이엔에스,KOSPI,2750.0,-2.48,26736.0,20960500000.0
010420,한솔PNS,KOSPI,1884.0,-0.37,23814.0,38608834608.0
010580,에스엠벡셀,KOSPI,1229.0,0.49,19781.0,136728413040.0
010600,웰바이오텍,KOSPI,545.0,0.0,0.0,49553256815.0
010620,HD현대미포,KOSPI,193500.0,1.2,253337.0,7728805831500.0
010640,진양폴리,KOSPI,4005.0,-1.11,75454.0,40050000000.0
010660,화천기계,KOSPI,5160.0,2.18,597917.0,113520000000.0
010690,화신,KOSPI,8010.0,-3.84,144528.0,279712484100.0
010770,평화홀딩스,KOSPI,5770.0,-12.18,3373205.0,84388938820.0
010780,아이에스동서,KOSPI,21050.0,-1.41,60048.0,635435844800.0
010820,퍼스텍,KOSPI,3645.0,-0.41,502151.0,177773714010.0
010950,S-Oil,KOSPI,54400.0,-2.68,350062.0,6124503884800.0
010955,S-Oil우,KOSPI,37400.0,-0.66,8337.0,150420069800.0
010960,삼호개발,KOSPI,3490.0,0.58,87463.0,87250000000.0
011000,진원생명과학,KOSPI,3435.0,-7.79,8451065.0,291690180105.0
011070,LG이노텍,KOSPI,144900.0,-3.01,152120.0,3429363804300.0
011090,에넥스,KOSPI,658.0,-1.64,545972.0,39474499778.0
011150,CJ씨푸드,KOSPI,2935.0,0.0,202441.0,105456818755.0
011155,CJ씨푸드1우,KOSPI,17230.0,-0.06,735.0,3446000000.0
011170,롯데케미칼,KOSPI,59700.0,0.0,143185.0,2553692514300.0
011200,HMM,KOSPI,21300.0,-2.29,2553909.0,21833341264800.0
011210,현대위아,KOSPI,42700.0,-2.29,63659.0,1161230044100.0
011230,삼화전자,KOSPI,3975.0,0.25,52452.0,67188232500.0
011280,태림포장,KOSPI,2240.0,-0.22,46811.0,158605305600.0
011300,성안머티리얼스,KOSPI,461.0,2.67,286767.0,71739748175.0
011330,유니켐,KOSPI,1600.0,0.06,202928.0,155647753600.0
011390,부산산업,KOSPI,100100.0,3.62,18879.0,105705600000.0
011420,갤럭시아에스엠,KOSPI,2295.0,-0.86,291734.0,63226432980.0
011500,한농화성,KOSPI,14410.0,-0.96,48671.0,225329775220.0
011690,와이투솔루션,KOSPI,3205.0,-0.93,632398.0,117220932770.0
011700,한신기계,KOSPI,3205.0,-3.9,697011.0,103989913955.0
011760,현대코퍼레이션,KOSPI,26500.0,-0.93,78434.0,350567599000.0
011780,금호석유화학,KOSPI,115500.0,0.26,70831.0,3056082298500.0
011785,금호석유화학우,KOSPI,56900.0,1.61,19025.0,172036353400.0
011790,SKC,KOSPI,89100.0,-3.36,343794.0,3374065351800.0
011810,STX,KOSPI,3255.0,-1.66,32079.0,100963352385.0
011930,신성이엔지,KOSPI,1417.0,0.43,1854697.0,291686829967.0
012030,DB,KOSPI,1388.0,-0.72,2290299.0,279229419004.0
012160,영흥,KOSPI,515.0,3.41,593036.0,52174841580.0
012170,아센디오,KOSPI,4075.0,-2.74,32513.0,44310502725.0
012200,계양전기,KOSPI,1431.0,-0.49,54337.0,38955868299.0
012205,계양전기우,KOSPI,3555.0,-1.11,1119.0,4156075845.0
012280,영화금속,KOSPI,819.0,-1.09,212185.0,42313229595.0
012320,경동인베스트,KOSPI,59900.0,3.28,14389.0,141664877700.0
012330,현대모비스,KOSPI,253000.0,-3.8,253174.0,23527758782000.0
012450,한화에어로스페이스,KOSPI,811000.0,-5.37,436671.0,38357219011000.0
012510,더존비즈온,KOSPI,55700.0,-1.24,100015.0,1692321068800.0
012610,경인양행,KOSPI,3140.0,-0.95,20842.0,130675386100.0
012630,HDC,KOSPI,19600.0,-1.01,638270.0,1170937731600.0
012690,모나리자,KOSPI,2815.0,-0.35,68420.0,102948082825.0
012750,에스원,KOSPI,66200.0,-0.45,77663.0,2515545583600.0
012800,대창,KOSPI,1295.0,-0.99,246839.0,118026946205.0
013000,세우글로벌,KOSPI,1169.0,-1.35,91524.0,33556181239.0
013360,일성건설,KOSPI,2315.0,-4.93,815705.0,125067597200.0
013520,화승코퍼레이션,KOSPI,1981.0,0.46,111363.0,99151530212.0
013570,디와이,KOSPI,4340.0,0.12,126340.0,114227207220.0
013580,계룡건설,KOSPI,21050.0,0.24,341847.0,187995592350.0
013700,까뮤이앤씨,KOSPI,1096.0,-1.88,120630.0,65486909680.0
013870,지엠비코리아,KOSPI,3920.0,-1.13,97793.0,74763337600.0
013890,지누스,KOSPI,17460.0,-0.23,78501.0,388564896960.0
014130,한익스프레스,KOSPI,3300.0,-3.08,18110.0,39600000000.0
014160,대영포장,KOSPI,1185.0,-2.31,4168122.0,128447540565.0
014280,금강공업,KOSPI,4570.0,0.0,61870.0,134035161490.0
014285,금강공업우,KOSPI,6780.0,0.44,217.0,3999352500.0
014440,영보화학,KOSPI,4440.0,-0.11,49414.0,88800000000.0
014530,극동유화,KOSPI,3465.0,-0.29,28647.0,120822540300.0
014580,태경비케이,KOSPI,4635.0,-0.22,196471.0,127847668500.0
014680,한솔케미칼,KOSPI,133000.0,7.09,119269.0,1507580935000.0
014710,사조씨푸드,KOSPI,5860.0,0.17,118198.0,100900661980.0
014790,HL D&I,KOSPI,2630.0,2.73,130049.0,99568120630.0
014820,동원시스템즈,KOSPI,31050.0,1.8,128541.0,900179306100.0
014825,동원시스템즈우,KOSPI,17190.0,0.0,284.0,4540068090.0
014830,유니드,KOSPI,91000.0,3.88,61568.0,615851600000.0
014910,성문전자,KOSPI,1197.0,-1.48,34243.0,26885799045.0
014915,성문전자우,KOSPI,4660.0,0.0,147.0,2796000000.0
014990,인디에프,KOSPI,951.0,4.16,5808151.0,71432458245.0
015020,이스타코,KOSPI,997.0,-9.77,2291504.0,42723045200.0
015230,대창단조,KOSPI,5650.0,-0.7,52582.0,161433099500.0
015260,에이엔피,KOSPI,418.0,1.46,72195.0,18858861692.0
015360,INVENI,KOSPI,52600.0,0.57,12030.0,315600000000.0
015590,DKME,KOSPI,515.0,0.0,0.0,122045495160.0
015760,한국전력,KOSPI,30350.0,2.71,3001453.0,19483609736950.0
015860,일진홀딩스,KOSPI,4460.0,0.22,142780.0,220089774180.0
015890,태경산업,KOSPI,5120.0,-0.19,39716.0,149651200000.0
016090,대현,KOSPI,1918.0,-0.31,58588.0,84933470580.0
016360,삼성증권,KOSPI,60500.0,0.33,505560.0,5402650000000.0
016380,KG스틸,KOSPI,6330.0,4.63,342472.0,633056318010.0
016450,한세예스24홀딩스,KOSPI,4100.0,-1.91,90132.0,164000000000.0
016580,환인제약,KOSPI,11790.0,0.77,22639.0,219294825300.0
016590,신대양제지,KOSPI,9550.0,2.03,63717.0,384844181000.0
016610,DB증권,KOSPI,7420.0,0.27,160626.0,314952206380.0
016710,대성홀딩스,KOSPI,8740.0,4.17,135205.0,140621871660.0
016740,두올,KOSPI,3250.0,0.62,23818.0,101741198000.0
016800,퍼시스,KOSPI,44350.0,1.37,1186.0,510025000000.0
016880,웅진,KOSPI,2060.0,6.4,3242970.0,164649784800.0
017040,광명전기,KOSPI,2040.0,-5.99,1215587.0,88408734600.0
017180,명문제약,KOSPI,1670.0,-0.24,33098.0,56702268180.0
017370,우신시스템,KOSPI,7050.0,-2.08,70446.0,129114080700.0
017390,서울가스,KOSPI,60100.0,4.34,85077.0,300500000000.0
017550,수산세보틱스,KOSPI,1828.0,0.05,62451.0,114065609640.0
017670,SK텔레콤,KOSPI,51500.0,0.39,1574573.0,11061687729500.0
017800,현대엘리베이터,KOSPI,75900.0,1.2,94648.0,2967112021500.0
017810,풀무원,KOSPI,12650.0,0.0,104722.0,482224856300.0
017860,DS단석,KOSPI,25450.0,2.21,148136.0,447518195400.0
017900,광전자,KOSPI,1888.0,-0.11,43563.0,109397824544.0
017940,E1,KOSPI,74600.0,0.81,18765.0,511756000000.0
017960,한국카본,KOSPI,22000.0,0.0,1141640.0,1141985944000.0
018250,애경산업,KOSPI,15120.0,2.58,174657.0,399318217200.0
018260,삼성에스디에스,KOSPI,130200.0,-2.03,240435.0,10074589560000.0
018470,조일알미늄,KOSPI,1553.0,0.0,641071.0,196659062713.0
018500,동원금속,KOSPI,1397.0,-2.99,274601.0,65316641401.0
018670,SK가스,KOSPI,212500.0,-0.47,11974.0,1964614350000.0
018880,한온시스템,KOSPI,3020.0,-5.03,2301772.0,2049862907040.0
019170,신풍제약,KOSPI,11790.0,-1.67,763844.0,624693032100.0
019175,신풍제약우,KOSPI,26100.0,17.57,114765.0,57420000000.0
019180,티에이치엔,KOSPI,2795.0,0.0,102787.0,50310000000.0
019440,세아특수강,KOSPI,13930.0,1.16,18062.0,119380100000.0
019490,엑시큐어하이트론,KOSPI,827.0,4.42,2069205.0,63209487290.0
019680,대교,KOSPI,2305.0,-1.07,29406.0,195240069250.0
019685,대교우B,KOSPI,1288.0,-0.31,9519.0,25021963120.0
020000,한섬,KOSPI,16110.0,0.06,132533.0,361472104170.0
020120,키다리스튜디오,KOSPI,3330.0,-2.06,86142.0,123422340780.0
020150,롯데에너지머티리얼즈,KOSPI,22050.0,-1.34,56184.0,1154658459150.0
020560,아시아나항공,KOSPI,10090.0,1.1,113387.0,2078446273990.0
020760,일진디스플,KOSPI,700.0,-1.13,54985.0,36059618700.0
021050,서원,KOSPI,1208.0,0.0,281638.0,57349304720.0
021240,코웨이,KOSPI,88900.0,-2.31,683574.0,6392721923700.0
021820,세원정공,KOSPI,9250.0,4.28,44354.0,92500000000.0
022100,포스코DX,KOSPI,22100.0,1.38,254063.0,3359967510900.0
023000,삼원강재,KOSPI,2450.0,-1.21,19873.0,98000000000.0
023150,MH에탄올,KOSPI,5210.0,0.19,4721.0,38442120460.0
023350,한국종합기술,KOSPI,5470.0,-1.08,26050.0,59896500000.0
023450,동남합성,KOSPI,34300.0,0.15,811.0,120050000000.0
023530,롯데쇼핑,KOSPI,80600.0,2.41,118257.0,2280073653000.0
023590,다우기술,KOSPI,26850.0,-0.92,277043.0,1204668666450.0
023800,인지컨트롤스,KOSPI,6010.0,-0.17,13823.0,95013273970.0
023810,인팩,KOSPI,5930.0,1.19,6382.0,59300000000.0
023960,에쓰씨엔지니어링,KOSPI,1255.0,-0.24,84780.0,43998526685.0
024070,WISCOM,KOSPI,1980.0,0.56,6126.0,30346347240.0
024090,디씨엠,KOSPI,12850.0,0.47,6088.0,146490000000.0
024110,기업은행,KOSPI,15740.0,0.64,1932130.0,12551483178060.0
024720,콜마홀딩스,KOSPI,12540.0,0.8,1459752.0,430075087860.0
024890,대원화성,KOSPI,898.0,0.0,12613.0,37041738496.0
024900,디와이덕양,KOSPI,2640.0,-1.49,92622.0,85971547200.0
025000,KPX케미칼,KOSPI,46100.0,-0.22,3375.0,223124000000.0
025530,SJM홀딩스,KOSPI,3570.0,-0.83,40877.0,53314408560.0
025540,한국단자,KOSPI,61200.0,-3.62,64234.0,619038000000.0
025560,미래산업,KOSPI,639.0,0.16,327410.0,45830660886.0
025620,제이준코스메틱,KOSPI,6960.0,-3.73,44829.0,33333228720.0
025750,한솔홈데코,KOSPI,700.0,-3.05,1485766.0,56395604300.0
025820,이구산업,KOSPI,4250.0,-0.82,111338.0,142128500000.0
025860,남해화학,KOSPI,7220.0,0.7,89344.0,358681246460.0
025890,한국주강,KOSPI,1832.0,-0.81,14913.0,20718562488.0
026890,스틱인베스트먼트,KOSPI,10960.0,2.62,208781.0,456792798000.0
026940,부국철강,KOSPI,2375.0,-0.42,46825.0,47500000000.0
026960,동서,KOSPI,26000.0,0.97,80071.0,2592200000000.0
027410,BGF,KOSPI,4260.0,5.84,2624967.0,407753529660.0
027740,마니커,KOSPI,947.0,-2.27,1102029.0,60145132916.0
027970,한국제지,KOSPI,810.0,0.5,28950.0,154044371970.0
028050,삼성E&A,KOSPI,21750.0,-0.46,1095951.0,4263000000000.0
028100,동아지질,KOSPI,15900.0,-1.12,30246.0,212893081800.0
028260,삼성물산,KOSPI,149800.0,-3.04,1109176.0,25462486291200.0
02826K,삼성물산우B,KOSPI,111400.0,-2.62,16601.0,163489526000.0
028670,팬오션,KOSPI,3705.0,0.27,1763017.0,1980580041960.0
029460,케이씨,KOSPI,22250.0,0.91,48572.0,294395601750.0
029530,신도리코,KOSPI,49150.0,3.15,28788.0,495433425350.0
029780,삼성카드,KOSPI,43200.0,-1.59,85876.0,5005104091200.0
030000,제일기획,KOSPI,18360.0,0.71,217928.0,2112156891000.0
030190,NICE평가정보,KOSPI,14540.0,1.68,96143.0,865225862220.0
030200,KT,KOSPI,50800.0,-0.39,466533.0,12802701598000.0
030210,다올투자증권,KOSPI,3580.0,-1.1,148414.0,218061759480.0
030610,교보증권,KOSPI,7820.0,-1.51,201506.0,891190355020.0
030720,동원수산,KOSPI,5600.0,0.18,19623.0,26061308000.0
031210,서울보증보험,KOSPI,34150.0,-0.29,170847.0,2384407571700.0
031430,신세계인터내셔날,KOSPI,10920.0,2.34,261383.0,385945560000.0
031440,신세계푸드,KOSPI,35000.0,0.0,15878.0,135536800000.0
031820,아이티센씨티에스,KOSPI,621.0,-0.48,522926.0,75172960386.0
032350,롯데관광개발,KOSPI,11870.0,0.59,622048.0,904634410230.0
032560,황금에스티,KOSPI,5830.0,1.04,39243.0,99110000000.0
032640,LG유플러스,KOSPI,12800.0,-0.54,2295951.0,5588625420800.0
032830,삼성생명,KOSPI,98900.0,-0.5,804456.0,19780000000000.0
033180,KH 필룩스,KOSPI,26550.0,0.0,0.0,138166306200.0
033240,자화전자,KOSPI,11900.0,-2.3,54807.0,263654853000.0
033250,체시스,KOSPI,1417.0,0.0,163836.0,45344000000.0
033270,유나이티드제약,KOSPI,21050.0,0.24,48608.0,343826953100.0
033530,SJG세종,KOSPI,4465.0,0.11,36368.0,124220590865.0
033780,KT&G,KOSPI,120200.0,-0.66,632476.0,14671912139400.0
033920,무학,KOSPI,7940.0,-0.25,94886.0,226290000000.0
034020,두산에너빌리티,KOSPI,40350.0,-4.38,12787928.0,25846642241100.0
034120,SBS,KOSPI,25950.0,6.13,337763.0,481404626100.0
034220,LG디스플레이,KOSPI,8610.0,1.29,2993387.0,4305000000000.0
034230,파라다이스,KOSPI,12550.0,-0.71,399970.0,1151733868650.0
034310,NICE,KOSPI,11930.0,-2.29,79291.0,442942313060.0
034590,인천도시가스,KOSPI,25350.0,0.0,1571.0,110900013900.0
034730,SK,KOSPI,163700.0,-3.42,488121.0,11868692481100.0
03473K,SK우,KOSPI,135000.0,-3.23,5044.0,76428225000.0
034830,한국토지신탁,KOSPI,1170.0,0.26,689901.0,295412399100.0
035000,HS애드,KOSPI,7210.0,0.42,26171.0,119451018890.0
035150,백산,KOSPI,14830.0,0.27,45361.0,315137500000.0
035250,강원랜드,KOSPI,17040.0,-0.76,520054.0,3645546120000.0
035420,NAVER,KOSPI,187500.0,-0.95,989028.0,29706939000000.0
035510,신세계 I&C,KOSPI,13440.0,0.3,82354.0,187903296000.0
035720,카카오,KOSPI,42700.0,-2.95,3539065.0,18861072296500.0
036420,콘텐트리중앙,KOSPI,12180.0,7.69,325532.0,234614911440.0
036460,한국가스공사,KOSPI,41350.0,2.86,479623.0,3817142550000.0
036530,SNT홀딩스,KOSPI,52000.0,2.36,55333.0,847802072000.0
036570,엔씨소프트,KOSPI,152500.0,-4.03,1720727.0,3285463355000.0
036580,팜스코,KOSPI,2510.0,-0.59,34952.0,92187136930.0
037270,YG PLUS,KOSPI,6200.0,-2.67,1086542.0,393262342000.0
037560,LG헬로비전,KOSPI,2530.0,0.8,544033.0,195940568450.0
037710,광주신세계,KOSPI,28450.0,0.53,25679.0,226382055500.0
039130,하나투어,KOSPI,50800.0,0.2,70719.0,786888545600.0
039490,키움증권,KOSPI,162600.0,1.37,260721.0,3979912395600.0
039570,HDC랩스,KOSPI,9180.0,0.55,11968.0,238290777180.0
041650,상신브레이크,KOSPI,2970.0,-0.17,20880.0,63770206500.0
042660,한화오션,KOSPI,78000.0,-0.13,2995093.0,23900244732000.0
042670,HD현대인프라코어,KOSPI,9450.0,2.16,2077543.0,1819985252400.0
042700,한미반도체,KOSPI,80400.0,-3.48,745194.0,7767786423600.0
044380,주연테크,KOSPI,351.0,2.03,44951.0,23307752052.0
044450,KSS해운,KOSPI,9780.0,-2.0,76219.0,225779906400.0
044820,코스맥스비티아이,KOSPI,14600.0,5.72,78573.0,140217246600.0
047040,대우건설,KOSPI,4215.0,-1.06,2095898.0,1751849419170.0
047050,포스코인터내셔널,KOSPI,49050.0,-1.8,694547.0,8629012751400.0
047400,유니온머티리얼,KOSPI,1650.0,-1.55,139401.0,69300000000.0
047810,한국항공우주,KOSPI,83600.0,-0.71,799439.0,8148918945200.0
049770,동원F&B,KOSPI,40650.0,-0.25,24410.0,784366953000.0
049800,우진플라임,KOSPI,2075.0,-1.89,9979.0,41500000000.0
051600,한전KPS,KOSPI,43200.0,-0.92,216819.0,1944000000000.0
051630,진양화학,KOSPI,2060.0,-1.67,61906.0,43672000000.0
051900,LG생활건강,KOSPI,326000.0,-0.46,57325.0,5091532222000.0
051905,LG생활건강우,KOSPI,130000.0,-1.29,8161.0,272960610000.0
051910,LG화학,KOSPI,197300.0,-1.0,500660.0,13927869273900.0
051915,LG화학우,KOSPI,97800.0,-1.11,51435.0,751964640000.0
052690,한전기술,KOSPI,62800.0,-0.32,200768.0,2400216000000.0
053210,스카이라이프,KOSPI,4640.0,-0.11,39189.0,220506511200.0
053690,한미글로벌,KOSPI,17480.0,-1.74,44806.0,191537974000.0
055490,테이팩스,KOSPI,13310.0,-0.6,5264.0,63484041500.0
055550,신한지주,KOSPI,58100.0,1.04,2273662.0,28808423976500.0
057050,현대홈쇼핑,KOSPI,54600.0,0.55,12129.0,655200000000.0
058430,포스코스틸리온,KOSPI,38000.0,1.47,29517.0,228000000000.0
058650,세아홀딩스,KOSPI,98900.0,-0.7,2968.0,395600000000.0
058730,다스코,KOSPI,3005.0,0.33,39316.0,56484807705.0
058850,KTcs,KOSPI,2875.0,-0.69,1412008.0,122719375000.0
058860,KTis,KOSPI,2910.0,-0.51,283096.0,101273820000.0
060980,HL홀딩스,KOSPI,40350.0,0.75,52016.0,379446436950.0
062040,산일전기,KOSPI,67000.0,0.15,226417.0,2039828400000.0
063160,종근당바이오,KOSPI,22650.0,0.22,5387.0,124257039300.0
064350,현대로템,KOSPI,146400.0,0.69,2072980.0,15978431695200.0
064400,LG씨엔에스,KOSPI,50200.0,-1.38,182337.0,4863674589600.0
064960,SNT모티브,KOSPI,29550.0,-0.34,49837.0,784265037600.0
066570,LG전자,KOSPI,71100.0,-1.52,592255.0,11635359575400.0
066575,LG전자우,KOSPI,36450.0,0.69,26020.0,626429408400.0
066970,엘앤에프,KOSPI,57200.0,0.53,453347.0,2077285152800.0
067830,세이브존I&C,KOSPI,2585.0,1.77,75165.0,106090713575.0
068270,셀트리온,KOSPI,161000.0,1.45,868300.0,35810579238000.0
068290,삼성출판사,KOSPI,18110.0,-8.07,172420.0,181100000000.0
069260,TKG휴켐스,KOSPI,16270.0,-0.18,77158.0,665094626760.0
069460,대호에이엘,KOSPI,1834.0,3.44,566418.0,124407605518.0
069620,대웅제약,KOSPI,158700.0,9.52,357899.0,1838789452500.0
069640,한세엠케이,KOSPI,1500.0,-6.43,103590.0,45159753000.0
069730,DSR제강,KOSPI,3665.0,-0.27,8846.0,52776000000.0
069960,현대백화점,KOSPI,72000.0,0.84,90580.0,1629274536000.0
070960,모나용평,KOSPI,4250.0,0.83,202155.0,204566665250.0
071050,한국금융지주,KOSPI,108000.0,-0.28,566174.0,6018407136000.0
071055,한국금융지주우,KOSPI,77500.0,-1.4,40711.0,454014452500.0
071090,하이스틸,KOSPI,4565.0,7.03,6706435.0,92174065115.0
071320,지역난방공사,KOSPI,78900.0,0.77,43652.0,913562901600.0
071840,롯데하이마트,KOSPI,7890.0,-0.13,45423.0,186264847680.0
071950,코아스,KOSPI,9670.0,0.52,6214.0,31821262400.0
071970,HD현대마린엔진,KOSPI,42700.0,1.79,953185.0,1448447836500.0
072130,유엔젤,KOSPI,5220.0,3.16,103529.0,67314269880.0
072710,농심홀딩스,KOSPI,78000.0,-0.64,25831.0,361747620000.0
073240,금호타이어,KOSPI,4445.0,0.34,520939.0,1276871975715.0
074610,이엔플러스,KOSPI,511.0,0.0,0.0,37494486519.0
075180,새론오토모티브,KOSPI,3295.0,-0.15,5981.0,63264000000.0
075580,세진중공업,KOSPI,11140.0,0.72,888830.0,633302939840.0
077500,유니퀘스트,KOSPI,6410.0,-3.61,125411.0,138456653820.0
077970,STX엔진,KOSPI,22750.0,-1.09,149437.0,913368433250.0
078000,텔코웨어,KOSPI,12930.0,0.0,30949.0,119474195610.0
078520,에이블씨엔씨,KOSPI,7090.0,-0.14,50838.0,184440401490.0
078930,GS,KOSPI,43550.0,0.11,445627.0,4046464711900.0
078935,GS우,KOSPI,39900.0,0.0,15851.0,71214557400.0
079160,CJ CGV,KOSPI,4750.0,0.53,210526.0,786506667250.0
079430,현대리바트,KOSPI,7870.0,0.13,5883.0,161612669340.0
079550,LIG넥스원,KOSPI,429000.0,-1.04,183441.0,9438000000000.0
079900,전진건설로봇,KOSPI,48800.0,-2.11,49463.0,712116196000.0
079980,휴비스,KOSPI,3015.0,-0.5,63763.0,104017500000.0
081000,일진다이아,KOSPI,12640.0,2.93,20408.0,179525604000.0
081660,미스토홀딩스,KOSPI,36050.0,-0.28,134764.0,2166454995950.0
082640,동양생명,KOSPI,5540.0,-1.42,91580.0,893926560900.0
082740,한화엔진,KOSPI,27800.0,0.18,660159.0,2319830547600.0
083420,그린케미칼,KOSPI,7950.0,1.53,235340.0,190800000000.0
084010,대한제강,KOSPI,17000.0,0.0,23737.0,398044749000.0
084670,동양고속,KOSPI,7490.0,1.22,1993.0,21687811810.0
084680,이월드,KOSPI,1440.0,-0.28,111368.0,204200917920.0
084690,대상홀딩스,KOSPI,9850.0,-1.01,223381.0,356693499300.0
084695,대상홀딩스우,KOSPI,14480.0,0.77,10117.0,13227219360.0
084870,TBH글로벌,KOSPI,1211.0,0.92,36974.0,25257607809.0
085310,엔케이,KOSPI,838.0,-1.53,79090.0,66101709836.0
085620,미래에셋생명,KOSPI,5630.0,-1.75,29984.0,996601144070.0
086280,현대글로비스,KOSPI,113400.0,-1.39,320553.0,8505000000000.0
086790,하나금융지주,KOSPI,72700.0,0.69,1639475.0,20882411976000.0
088260,이리츠코크렙,KOSPI,4640.0,-0.32,63000.0,293904977600.0
088350,한화생명,KOSPI,2955.0,-3.27,2146717.0,2566506150000.0
088790,진도,KOSPI,1989.0,0.25,47485.0,24758562816.0
088980,맥쿼리인프라,KOSPI,11730.0,0.17,606885.0,5617754977890.0
089470,HDC현대EP,KOSPI,3875.0,0.78,19053.0,123612500000.0
089590,제주항공,KOSPI,6650.0,-0.3,76157.0,536262550250.0
089860,롯데렌탈,KOSPI,32650.0,3.16,92177.0,1185501518200.0
090080,평화산업,KOSPI,1215.0,-6.68,3199995.0,66706244685.0
090350,노루페인트,KOSPI,9020.0,-0.66,157990.0,180400000000.0
090355,노루페인트우,KOSPI,13800.0,-1.99,1787.0,6391138800.0
090370,메타랩스,KOSPI,1479.0,-0.07,35113.0,36834035031.0
090430,아모레퍼시픽,KOSPI,133700.0,-0.45,418641.0,7820481878300.0
090435,아모레퍼시픽우,KOSPI,44100.0,3.89,98235.0,465600303000.0
090460,비에이치,KOSPI,12180.0,-2.4,160010.0,419776136220.0
091090,세원이앤씨,KOSPI,1270.0,0.0,0.0,66998498210.0
091810,티웨이항공,KOSPI,2040.0,-1.69,1580736.0,439373111040.0
092200,디아이씨,KOSPI,4585.0,-3.27,190102.0,178304088865.0
092220,KEC,KOSPI,746.0,-1.58,326003.0,149769303186.0
092230,KPX홀딩스,KOSPI,66500.0,-5.0,8551.0,280938959000.0
092440,기신정기,KOSPI,2530.0,1.2,25342.0,73876000000.0
092780,DYP,KOSPI,4430.0,-0.67,3567.0,58336277800.0
092790,넥스틸,KOSPI,15700.0,3.84,807901.0,408231400000.0
093050,LF,KOSPI,16660.0,1.96,49824.0,487138400000.0
093230,이아이디,KOSPI,1392.0,0.0,0.0,354103029120.0
093240,형지엘리트,KOSPI,1841.0,-6.26,1631458.0,70676466819.0
093370,후성,KOSPI,4210.0,-1.17,189536.0,451544939300.0
094280,효성ITX,KOSPI,12160.0,0.58,10732.0,140547712000.0
094800,맵스리얼티1,KOSPI,4345.0,-0.11,14560.0,403365168195.0
095570,AJ네트웍스,KOSPI,3925.0,-1.63,383329.0,177617079075.0
095720,웅진씽크빅,KOSPI,1683.0,-1.98,361906.0,194396572755.0
096760,JW홀딩스,KOSPI,3505.0,3.09,4222850.0,259106921710.0
096770,SK이노베이션,KOSPI,89500.0,-0.33,662965.0,13517612452000.0
096775,SK이노베이션우,KOSPI,60800.0,0.16,4262.0,75904300800.0
097230,HJ중공업,KOSPI,7220.0,-1.37,483363.0,601240308820.0
097520,엠씨넥스,KOSPI,27300.0,0.0,27366.0,490792083600.0
097950,CJ제일제당,KOSPI,231500.0,0.43,93061.0,3485044059000.0
097955,CJ제일제당 우,KOSPI,137900.0,1.1,2159.0,183053010700.0
100090,SK오션플랜트,KOSPI,19220.0,4.06,735956.0,1137738816960.0
100220,비상교육,KOSPI,5680.0,-2.07,71188.0,73821488880.0
100250,진양홀딩스,KOSPI,3160.0,0.0,57795.0,176629122720.0
100840,SNT에너지,KOSPI,40600.0,-3.22,137000.0,839639789800.0
101140,인바이오젠,KOSPI,12150.0,-3.72,12334.0,122037224400.0
101530,해태제과식품,KOSPI,6990.0,-1.55,47443.0,203526585780.0
102260,동성케미컬,KOSPI,4065.0,-0.97,41244.0,203968655415.0
102280,쌍방울,KOSPI,2690.0,0.0,0.0,70637274900.0
102460,이연제약,KOSPI,11000.0,1.38,26641.0,204454921000.0
103140,풍산,KOSPI,62000.0,-0.8,125118.0,1737505236000.0
103590,일진전기,KOSPI,30100.0,-0.66,370257.0,1435330239000.0
104700,한국철강,KOSPI,9290.0,-2.11,24658.0,338620500000.0
105560,KB금융,KOSPI,104300.0,1.56,3421277.0,41045014518900.0
105630,한세실업,KOSPI,11100.0,-5.77,254879.0,444000000000.0
105840,우진,KOSPI,9050.0,-3.72,381677.0,182788913500.0
107590,미원홀딩스,KOSPI,75000.0,-0.66,48.0,174000000000.0
108320,LX세미콘,KOSPI,60200.0,0.5,14788.0,979110860000.0
108670,LX하우시스,KOSPI,31700.0,-0.78,24754.0,284275139000.0
108675,LX하우시스우,KOSPI,18200.0,-0.66,972.0,18788406000.0
109070,주성코퍼레이션,KOSPI,923.0,-0.97,145655.0,48743842290.0
111110,호전실업,KOSPI,8760.0,-1.24,55561.0,82133760000.0
111380,동인기연,KOSPI,14700.0,0.41,22228.0,90081600000.0
111770,영원무역,KOSPI,60700.0,0.33,59701.0,2689706107600.0
112610,씨에스윈드,KOSPI,49350.0,1.96,490657.0,2081158738050.0
114090,GKL,KOSPI,14090.0,-0.35,209336.0,871546390300.0
117580,대성에너지,KOSPI,7790.0,0.78,52796.0,214225000000.0
118000,메타케어,KOSPI,343.0,-2.0,460238.0,56518635852.0
119650,KC코트렐,KOSPI,918.0,0.0,0.0,17100277254.0
120030,조선선재,KOSPI,102500.0,2.3,3189.0,128909227500.0
120110,코오롱인더,KOSPI,33450.0,-0.59,70383.0,920513593950.0
120115,코오롱인더우,KOSPI,21450.0,0.47,8862.0,59370597000.0
122900,아이마켓코리아,KOSPI,8080.0,0.25,26079.0,270105027200.0
123690,한국화장품,KOSPI,6920.0,0.73,52676.0,111190560000.0
123700,SJM,KOSPI,3325.0,2.31,72214.0,51886285850.0
123890,한국자산신탁,KOSPI,2475.0,0.81,303873.0,302875466850.0
126560,현대퓨처넷,KOSPI,3250.0,-1.22,85865.0,358159571250.0
126720,수산인더스트리,KOSPI,26050.0,-3.52,90666.0,372150300000.0
128820,대성산업,KOSPI,3565.0,4.55,402784.0,161264479070.0
128940,한미약품,KOSPI,311500.0,1.8,70368.0,3990623696500.0
129260,인터지스,KOSPI,2630.0,-0.19,82092.0,78236908620.0
130660,한전산업,KOSPI,11460.0,-2.39,186467.0,373596000000.0
133820,화인베스틸,KOSPI,886.0,-0.45,254308.0,27311940548.0
134380,미원화학,KOSPI,79300.0,-0.25,92.0,174401952400.0
134790,시디즈,KOSPI,28650.0,-0.35,3615.0,57300000000.0
136490,선진,KOSPI,9540.0,0.1,217240.0,226857422160.0
137310,에스디바이오센서,KOSPI,11660.0,1.57,424562.0,1419594529320.0
138040,메리츠금융지주,KOSPI,111700.0,-2.02,1415996.0,20107616634100.0
138490,코오롱ENP,KOSPI,6680.0,0.75,94303.0,253840000000.0
138930,BNK금융지주,KOSPI,11060.0,-0.54,1289970.0,3521321720140.0
139130,iM금융지주,KOSPI,11170.0,0.54,747537.0,1858607944610.0
139480,이마트,KOSPI,91300.0,0.11,124299.0,2519498274700.0
139990,아주스틸,KOSPI,4010.0,0.75,17603.0,155409210140.0
140910,에이리츠,KOSPI,3130.0,0.0,0.0,13969290160.0
143210,핸즈코퍼레이션,KOSPI,1604.0,1.65,28133.0,35088698188.0
145210,다이나믹디자인,KOSPI,1004.0,-0.69,70035.0,36118673096.0
145270,케이탑리츠,KOSPI,925.0,0.54,97662.0,44456215950.0
145720,덴티움,KOSPI,61800.0,-0.32,29411.0,684053694000.0
145990,삼양사,KOSPI,51000.0,-0.58,20506.0,525985899000.0
145995,삼양사우,KOSPI,32800.0,-1.65,521.0,12138296000.0
152550,한국ANKOR유전,KOSPI,246.0,-0.4,244059.0,17224920000.0
155660,DSR,KOSPI,3880.0,1.04,35917.0,62080000000.0
161000,애경케미칼,KOSPI,11620.0,5.16,13552009.0,565297998580.0
161390,한국타이어앤테크놀로지,KOSPI,38500.0,-0.65,676444.0,4769190156500.0
161890,한국콜마,KOSPI,83000.0,0.0,150371.0,1959221391000.0
163560,동일고무벨트,KOSPI,7220.0,-1.37,24164.0,100358000000.0
170900,동아에스티,KOSPI,48500.0,1.25,28556.0,453603282500.0
175330,JB금융지주,KOSPI,18870.0,-0.58,581892.0,3659043431640.0
178920,PI첨단소재,KOSPI,17640.0,-0.45,75625.0,518021920080.0
180640,한진칼,KOSPI,141300.0,-5.8,366199.0,9433510022700.0
18064K,한진칼우,KOSPI,47300.0,-1.77,164113.0,25389031800.0
181710,NHN,KOSPI,19060.0,-0.42,40962.0,643582304380.0
183190,아세아시멘트,KOSPI,11390.0,-0.78,30089.0,425379710300.0
185750,종근당,KOSPI,86600.0,3.1,73786.0,1195320748000.0
192080,더블유게임즈,KOSPI,50700.0,0.2,43315.0,1089842434200.0
192400,쿠쿠홀딩스,KOSPI,30000.0,-3.23,44270.0,1066865550000.0
192650,드림텍,KOSPI,6120.0,0.0,95474.0,421607050920.0
192820,코스맥스,KOSPI,210000.0,2.69,81796.0,2383396890000.0
194370,제이에스코퍼레이션,KOSPI,11560.0,-2.94,322964.0,323195959680.0
195870,해성디에스,KOSPI,18340.0,-1.87,105083.0,311780000000.0
200880,서연이화,KOSPI,11470.0,-3.29,59766.0,310016172390.0
204210,스타에스엠리츠,KOSPI,2035.0,0.0,0.0,15927568525.0
204320,HL만도,KOSPI,33700.0,-2.32,145359.0,1582454944000.0
207940,삼성바이오로직스,KOSPI,1032000.0,0.58,116149.0,73451568000000.0
210540,디와이파워,KOSPI,12540.0,-0.08,24125.0,138463018320.0
210980,SK디앤디,KOSPI,9650.0,1.58,60223.0,179657736300.0
213500,한솔제지,KOSPI,8650.0,0.12,31758.0,205874982400.0
214320,이노션,KOSPI,18180.0,-0.87,390705.0,727200000000.0
214330,금호에이치티,KOSPI,655.0,-2.96,1400852.0,140113755805.0
214390,경보제약,KOSPI,5490.0,0.55,11937.0,131248661400.0
214420,토니모리,KOSPI,8750.0,0.0,230216.0,210479491250.0
226320,잇츠한불,KOSPI,12160.0,-0.41,22032.0,266660470400.0
227840,현대코퍼레이션홀딩스,KOSPI,12180.0,-0.16,92320.0,110848182480.0
229640,LS에코에너지,KOSPI,32550.0,-1.21,66914.0,996839811450.0
234080,JW생명과학,KOSPI,12190.0,0.25,20516.0,193023213260.0
241560,두산밥캣,KOSPI,47000.0,-0.42,648830.0,4505235055000.0
241590,화승엔터프라이즈,KOSPI,7830.0,-3.57,145617.0,474414031080.0
244920,에이플러스에셋,KOSPI,6020.0,0.67,114168.0,136098311860.0
248070,솔루엠,KOSPI,15340.0,-1.16,173579.0,751745152340.0
248170,샘표식품,KOSPI,26600.0,0.0,8045.0,121516407600.0
249420,일동제약,KOSPI,12580.0,0.64,120538.0,353026262580.0
251270,넷마블,KOSPI,51100.0,0.2,109373.0,4392223952200.0
259960,크래프톤,KOSPI,369000.0,-2.25,400973.0,17681815431000.0
264900,크라운제과,KOSPI,8560.0,-1.61,58457.0,107204156000.0
26490K,크라운제과우,KOSPI,9630.0,-0.62,6584.0,7449382800.0
267250,HD현대,KOSPI,111700.0,2.76,1018844.0,8823527594500.0
267260,HD현대일렉트릭,KOSPI,379000.0,-1.04,207284.0,13661864165000.0
267270,HD현대건설기계,KOSPI,70500.0,-1.4,64721.0,1245156124500.0
267290,경동도시가스,KOSPI,19150.0,0.47,19304.0,112897024900.0
267850,아시아나IDT,KOSPI,11480.0,-1.88,14807.0,127428000000.0
268280,미원에스씨,KOSPI,161900.0,-0.92,1291.0,809500000000.0
271560,오리온,KOSPI,110400.0,-1.08,205856.0,4364788972800.0
271940,일진하이솔루스,KOSPI,13090.0,6.08,63347.0,475339657100.0
271980,제일약품,KOSPI,12890.0,-0.85,238838.0,189545800080.0
272210,한화시스템,KOSPI,45400.0,0.0,9085152.0,8576940260600.0
272450,진에어,KOSPI,9510.0,0.63,82487.0,496422000000.0
272550,삼양패키징,KOSPI,13260.0,-0.23,14534.0,203288675460.0
278470,에이피알,KOSPI,115300.0,0.87,471245.0,4340647791500.0
280360,롯데웰푸드,KOSPI,119200.0,-2.85,17494.0,1109105220800.0
281820,케이씨텍,KOSPI,24350.0,-3.37,286150.0,503809365050.0
282330,BGF리테일,KOSPI,102500.0,-0.49,69788.0,1771600365000.0
284740,쿠쿠홈시스,KOSPI,25700.0,-0.77,42370.0,576639381000.0
285130,SK케미칼,KOSPI,57400.0,4.36,211150.0,990367144200.0
28513K,SK케미칼우,KOSPI,24750.0,2.06,14417.0,52356867750.0
286940,롯데이노베이트,KOSPI,18940.0,0.11,13796.0,286550210980.0
293480,하나제약,KOSPI,11830.0,0.68,15232.0,210253951180.0
293940,신한알파리츠,KOSPI,5660.0,0.0,197774.0,684521096180.0
294870,HDC현대산업개발,KOSPI,23400.0,-3.7,355133.0,1542231522000.0
298000,효성화학,KOSPI,38900.0,0.0,0.0,147501447900.0
298020,효성티앤씨,KOSPI,243000.0,-5.08,25871.0,1051626726000.0
298040,효성중공업,KOSPI,619000.0,-0.48,47477.0,5771895212000.0
298050,HS효성첨단소재,KOSPI,199100.0,-0.7,5281.0,891957646800.0
298690,에어부산,KOSPI,2200.0,0.92,160912.0,256608000000.0
300720,한일시멘트,KOSPI,18390.0,-0.7,66563.0,1273719720600.0
302440,SK바이오사이언스,KOSPI,45100.0,4.4,246899.0,3534448439500.0
306200,세아제강,KOSPI,169000.0,-0.06,7278.0,479334700000.0
307950,현대오토에버,KOSPI,143400.0,-0.42,201368.0,3932599018800.0
308170,씨티알모빌리티,KOSPI,5790.0,0.0,1614.0,49851900000.0
316140,우리금융지주,KOSPI,19270.0,0.1,6892555.0,14309738224270.0
317400,자이에스앤디,KOSPI,3605.0,-1.37,48528.0,139810984600.0
322000,HD현대에너지솔루션,KOSPI,48250.0,18.55,2985173.0,540400000000.0
323410,카카오뱅크,KOSPI,23500.0,-1.67,1465889.0,11209251769500.0
326030,SK바이오팜,KOSPI,93000.0,1.53,466581.0,7283132250000.0
329180,HD현대중공업,KOSPI,405500.0,0.0,184038.0,35997498538000.0
330590,롯데리츠,KOSPI,3720.0,0.54,308142.0,1074964248480.0
334890,이지스밸류리츠,KOSPI,4725.0,0.0,64486.0,243070391025.0
336260,두산퓨얼셀,KOSPI,16820.0,1.02,292405.0,1101604471320.0
33626K,두산퓨얼셀1우,KOSPI,4700.0,0.11,24624.0,62811740000.0
33626L,두산퓨얼셀2우B,KOSPI,8000.0,1.39,5296.0,23890400000.0
336370,솔루스첨단소재,KOSPI,8580.0,4.25,302399.0,602464811520.0
33637K,솔루스첨단소재1우,KOSPI,1716.0,1.72,70512.0,29015442456.0
33637L,솔루스첨단소재2우B,KOSPI,4135.0,0.85,10117.0,15623253960.0
338100,NH프라임리츠,KOSPI,4495.0,-0.22,32269.0,83876700000.0
339770,교촌에프앤비,KOSPI,5160.0,2.38,69325.0,257819812800.0
344820,KCC글라스,KOSPI,30700.0,-0.81,31518.0,490294718400.0
348950,제이알글로벌리츠,KOSPI,2780.0,1.28,667071.0,548705280000.0
350520,이지스레지던스리츠,KOSPI,4235.0,-0.12,26057.0,156128365470.0
352820,하이브,KOSPI,266000.0,-2.21,334461.0,11079457802000.0
353200,대덕전자,KOSPI,14980.0,-1.83,121426.0,740265536500.0
35320K,대덕전자1우,KOSPI,7540.0,0.0,1197.0,15800213260.0
357120,코람코라이프인프라리츠,KOSPI,4390.0,0.0,105476.0,427302204060.0
357250,미래에셋맵스리츠,KOSPI,2730.0,1.49,79141.0,68236636650.0
357430,마스턴프리미어리츠,KOSPI,1464.0,-0.07,33058.0,44659769448.0
361610,SK아이이테크놀로지,KOSPI,21350.0,0.47,119461.0,1522203589200.0
363280,티와이홀딩스,KOSPI,2745.0,0.37,54585.0,138428340660.0
36328K,티와이홀딩스우,KOSPI,3920.0,-0.25,24022.0,4872614880.0
365550,ESR켄달스퀘어리츠,KOSPI,4385.0,0.8,438513.0,934395265000.0
372910,한컴라이프케어,KOSPI,2920.0,-1.02,71035.0,80809265520.0
373220,LG에너지솔루션,KOSPI,286000.0,-0.69,224384.0,66924000000000.0
375500,DL이앤씨,KOSPI,48300.0,-3.4,380111.0,1868901990900.0
37550K,DL이앤씨우,KOSPI,20150.0,-1.71,6945.0,42594782750.0
37550L,DL이앤씨2우(전환),KOSPI,31300.0,-1.88,4480.0,66104066300.0
377190,디앤디플랫폼리츠,KOSPI,3265.0,0.15,34769.0,288626000000.0
377300,카카오페이,KOSPI,37850.0,-3.2,324968.0,5098149088550.0
377740,바이오노트,KOSPI,5100.0,0.39,83301.0,520485844800.0
378850,화승알앤에이,KOSPI,3225.0,-1.38,26004.0,61254434175.0
381970,케이카,KOSPI,15090.0,-0.98,96622.0,727067481570.0
383220,F&F,KOSPI,75500.0,1.34,74003.0,2892184162500.0
383800,LX홀딩스,KOSPI,8250.0,-1.2,469976.0,629315692500.0
38380K,LX홀딩스1우,KOSPI,8910.0,-2.41,7669.0,13055689350.0
395400,SK리츠,KOSPI,4820.0,-0.62,449611.0,1331229890680.0
396690,미래에셋글로벌리츠,KOSPI,2745.0,-0.18,47744.0,108718305300.0
400760,NH올원리츠,KOSPI,3665.0,0.14,143899.0,160409309520.0
402340,SK스퀘어,KOSPI,114800.0,1.41,1231516.0,15215690498400.0
403550,쏘카,KOSPI,13420.0,1.9,6294.0,440738324840.0
404990,신한서부티엔디리츠,KOSPI,3600.0,0.7,48501.0,201441182400.0
415640,KB발해인프라,KOSPI,7760.0,-1.9,97619.0,950953452480.0
417310,코람코더원리츠,KOSPI,5130.0,-0.39,30772.0,207252000000.0
432320,KB스타리츠,KOSPI,4005.0,0.25,48533.0,406164211425.0
443060,HD현대마린솔루션,KOSPI,179800.0,0.06,200426.0,8060291958000.0
446070,유니드비티플러스,KOSPI,4215.0,3.06,47733.0,44726271225.0
448730,삼성FN리츠,KOSPI,4615.0,0.11,38359.0,420195750000.0
450080,에코프로머티,KOSPI,45100.0,-0.88,2445309.0,3153952322400.0
450140,코오롱모빌리티그룹,KOSPI,2145.0,-4.67,478291.0,134657201250.0
45014K,코오롱모빌리티그룹우,KOSPI,3170.0,1.28,15866.0,7785900400.0
451800,한화리츠,KOSPI,3775.0,-0.26,127376.0,677990000000.0
452260,한화갤러리아,KOSPI,1242.0,0.73,5018553.0,240773635620.0
45226K,한화갤러리아우,KOSPI,2305.0,1.54,8922.0,6694803350.0
453340,현대그린푸드,KOSPI,17150.0,0.06,60259.0,568274511000.0
454910,두산로보틱스,KOSPI,47200.0,-1.26,107658.0,3059503056000.0
456040,OCI,KOSPI,55300.0,1.28,29059.0,495072973500.0
457190,이수스페셜티케미컬,KOSPI,40500.0,-3.46,158018.0,1223435340000.0
460850,동국씨엠,KOSPI,6490.0,0.0,34238.0,194042277440.0
460860,동국제강,KOSPI,9150.0,1.22,79472.0,453913355550.0
462520,조선내화,KOSPI,13080.0,-0.23,1757.0,155065597440.0
462870,시프트업,KOSPI,50600.0,-1.36,269702.0,2974355032000.0
465770,STX그린로지스,KOSPI,8440.0,-1.4,60489.0,60523510080.0
475150,SK이터닉스,KOSPI,19500.0,2.63,2210216.0,658203819000.0
475560,더본코리아,KOSPI,25700.0,-0.58,35365.0,378747582000.0
480370,씨케이솔루션,KOSPI,10690.0,-2.82,47498.0,116893664090.0
481850,신한글로벌액티브리츠,KOSPI,1542.0,2.46,91902.0,67042557888.0
483650,달바글로벌,KOSPI,150000.0,9.97,1279342.0,1810449750000.0
484870,엠앤씨솔루션,KOSPI,128900.0,-0.23,33315.0,1179937710000.0
487570,HS효성,KOSPI,58500.0,11.01,499715.0,217966729500.0
489790,한화비전,KOSPI,52100.0,-3.16,743355.0,2630445119000.0
499790,GS피앤엘,KOSPI,30300.0,0.0,282376.0,600874482300.0
950210,프레스티지바이오파마,KOSPI,13250.0,0.68,298559.0,796274053750.0
900140,엘브이엠씨홀딩스,KOSPI,1894.0,2.49,863969.0,365997378208.0
